,,,,,,,22/1,22/2,22/3,22/4,22/5,22/6,22/7,22/8,22/9,22/10,22/11,22/12,23/1,23/2,23/3,,23/4,23/5,23/6,23/7,23/8,23/9,23/10,23/11,23/12,24/1,24/2,24/3,,24/4,,,,,24/5,,,,,24/6,,,,,24/7,,,,,24/8,,,,,24/9,,,,,24/10,,,,,24/11,,,,,24/12,,,,,25/1,,,,,25/2,,,,,25/3,,,,,,25/4,25/5,25/6,25/7,25/8,25/9,25/10,25/11,25/12,26/1,25/6,26/3,,26/4,26/5,26/6,26/7,26/8,26/9,26/10,26/11,26/12,27/1,27/2,27/3,,27/4,27/5,27/6,27/7,27/8,27/9,27/10,27/11,27/12,28/1,28/2,28/3,,22年度,23年度,24年度,,,,,25年度,26年度,27年度
,,,,,,,,,,,,,,,,,,,,,,,実績,実績,実績,実績,実績,実績,実績,実績,実績,実績,実績,実績,,実績,見込,"bord
計上額",差分,乖離率,実績,見込,"bord
計上額",差分,乖離率,実績,見込,"bord
計上額",差分,乖離率,実績,見込,"bord
計上額",差分,乖離率,実績,見込,"bord
計上額",差分,乖離率,実績,見込,"bord
計上額",差分,乖離率,実績,見込,"bord
計上額",差分,乖離率,実績,見込,"bord
計上額",差分,乖離率,実績,見込,"bord
計上額",差分,乖離率,実績,見込,"bord
計上額",差分,乖離率,実績,見込,"bord
計上額",差分,乖離率,実績,見込,"bord
計上額",差分,乖離率,,,,,,,,,,,,,,,,,,,,,,,,,,,,,,,,,,,,,,,,,,,年度計画,累積（実績）,累積（BD）,差分,乖離率,,,
,,売上,総合計,,,,0,0,"15,000","27,254","26,183","35,519","30,869","29,184","33,586","36,117","41,318","45,360","26,187","26,144","60,434",,"33,830","32,724","28,076","31,511","34,302","57,956","33,331","41,443","76,652","26,143","28,330","73,149",,"29,372","29,372","29,608",0 ,0 ,"25,124","25,124","25,124",0 ,0 ,"32,527","32,527","32,527",0 ,0 ,"40,934","40,934","40,933",0 ,0 ,"52,660","52,660","52,660",0 ,0 ,"32,551","32,551","32,549",0 ,0 ,"44,493","44,493","44,495",0 ,0 ,"38,297","38,297","38,294",0 ,0 ,"44,516","44,516","44,488",0 ,0 ,"36,664","36,664","36,685",0 ,0 ,"37,505","37,505","37,015",0 ,0 ,"98,188","98,188","96,767",0 ,0 ,,"35,048","32,326","34,383","52,773","41,764","45,844","63,541","57,454","66,745","59,838","62,222","97,881",,"53,548","54,603","54,680","70,406","57,060","61,798","69,944","70,324","66,692","70,536","70,749","89,757",,"72,220","73,679","74,108","90,938","77,287","82,593","93,420","94,175","90,715","95,092","95,650","115,913",,"418,156","497,447","600,193","512,831","511,146","(1,685)",(0),"649,820","911,896","1,382,792"
,,,,,,,1,2,3,4,5,6,7,8,9,10,11,12,13,14,15,,16,,18,,,,,,,,,,,,,,0 ,0 ,,,,0 ,0 ,,,,0 ,0 ,,,,0 ,0 ,,,,0 ,0 ,,,,0 ,0 ,,,,0 ,0 ,,,,0 ,0 ,,,,0 ,0 ,,,,0 ,0 ,,,,0 ,0 ,,,-4000,0 ,0 ,,16,17,18,19,20,21,22,23,24,25,26,27,,16,17,1800.00%,19,20, 21 ,22 ,23,24,25,26,27,,16,17,18,19,20,21,22,23,24,25,26,27,,,,,,-4000,,,,,
,,,,,,,,,,,,,1,2,3,4,5,6,7,8,9,,10,,12,,,,,,,,,,,,,,0 ,0 ,,,,0 ,0 ,,,,0 ,0 ,,,,0 ,0 ,,,,0 ,0 ,,,,0 ,0 ,,,,0 ,0 ,,,,0 ,0 ,,,,0 ,0 ,,,,0 ,0 ,,,,0 ,0 ,,,,0 ,0 ,,10,11,12,13,14,15,16,17,18,19,20,21,,10,11,12,13,14, 15 ,16 ,17,18,19,20,21,,10,11,12,13,14,15,16,17,18,19,20,21,,,,,,0,,,,,
,,,システム利用料,,,,,,,16894000,16614000,18336000,18409000,18691000,18757000,19439000,19589000,19714000,19653000,19306496,20523129,,,,,,,,,,,,,,,,,,,,,,,,,,,,,,,,,,,,,,,,,,,,,,,,,,,,,,,,,,,,,,,,,,,,,,,,,,,,,,,,,,,,,,,,YoY,,,,,,,,,,,,,,,,,,,,,,,,,,,-2.97%,18.96%,20.65%,3.09%,2.75%,,,27.13%,40.33%,51.64%
,,,,MRR：売上合計（千円）,,,0,0,"15,000","16,894","16,614","18,336","18,409","18,691","18,757","19,439","19,589","19,714","19,653","19,306","20,523",,"20,228","20,228","21,561","21,445","21,411","21,197","21,197","21,058","20,870","21,032","21,143","21,312",,"22,786","22,786","22,815",0 ,0 ,"21,069","21,069","21,119",0 ,0 ,"27,651","27,651","27,741",0 ,0 ,"22,404","22,404","22,318",0 ,0 ,"23,071","23,071","23,312",0 ,0 ,"20,763","20,763","20,793",0 ,0 ,"25,415","25,415","25,495",0 ,0 ,"24,919","24,919","24,949",0 ,0 ,"22,728","22,728","22,728",0 ,0 ,"24,544","24,544","24,326",0 ,0 ,"27,470","27,470","26,985",0 ,0 ,"24,717","24,717","25,217",0 ,0 ,,"25,066","25,205","25,165","25,710","26,322","26,871","27,659","28,284","28,935","29,553","30,327","30,938",,"31,573","32,102","32,624","33,142","33,748","34,350","34,947","35,630","36,309","36,983","37,652","38,315",,"39,227","40,017","40,800","41,578","42,453","43,323","44,188","45,148","46,103","47,052","47,996","48,933",,"225,926","252,682","316,259","287,536","287,798", 263 ,0 ,"330,034","417,375","526,817"
,,,既存,MRR：短期PF（千円）,,,0,0,"2,325","1,555","1,410","1,780","2,373","1,919","1,878","2,049","2,168","1,959","2,305","1,822","3,786",,559,633,584,633,682,633,633,633,633,633,584,536,,614,614,,0 ,0 ,614,614,,0 ,0 ,512,512,,0 ,0 ,461,461,,0 ,0 ,461,461,,0 ,0 ,410,410,,0 ,0 ,410,410,,0 ,0 ,358,358,,0 ,0 ,307,307,,0 ,0 ,0,0,,0 ,0 ,0,0,,0 ,0 ,0,0,,0 ,0 ,,102,0,-20,-20,-16,-12,-9,-7,-5,-3,-2,-2,YoY,-1,-1,-1,0,0,0,0,0,0,0,0,0,,0,0,0,0,0,0,0,0,0,0,0,0,,,,,,0, 0 ,0 ,,,
,,,,MRR：長期PF（千円）,,,0,0,"12,675","15,339","15,204","16,556","16,036","16,773","16,999","17,268","17,421","17,754","17,348","17,484","16,738",,"19,668","19,595","20,976","20,812","20,729","20,564","20,564","20,425","20,237","20,399","20,559","20,776",,"22,171","22,171",,0 ,0 ,"19,519","19,519",,0 ,0 ,"27,139","27,139",,0 ,0 ,"21,943","21,943",,0 ,0 ,"22,611","22,611",,0 ,0 ,"20,353","20,353",,0 ,0 ,"25,005","25,005",,0 ,0 ,"24,560","24,560",,0 ,0 ,"22,421","22,421",,0 ,0 ,"24,544","24,544",,0 ,0 ,"27,470","27,470",,0 ,0 ,"24,717","24,717",,0 ,0 ,,"24,964","25,205","25,185","25,700","26,218","26,734","27,328","27,920","28,510","29,096","29,680","30,260",,"30,781","31,196","31,605","32,009","32,502","32,990","33,474","34,044","34,609","35,170","35,725","36,275",,"36,847","37,297","37,740","38,178","38,713","39,243","39,768","40,388","41,003","41,612","42,216","42,813",,"200,920","245,304","314,008","282,453",0,"(282,453)",(100),"326,800","400,380","475,817"
,,,,ARPA：短期PF（千円）,,,75.0,75.0,75.0,53.6,56.4,74.2,103.2,76.8,72.2,73.2,77.4,75.3,96.0,79.2,210.3,,43,48.70,48.70,48.70,48.70,48.70,48.70,48.70,48.70,48.70,48.70,48.70,,51.2,51.2,,0 ,0 ,51.2,51.2,,0 ,0 ,51.2,51.2,,0 ,0 ,51.2,51.2,,0 ,0 ,51.2,51.2,,0 ,0 ,51.2,51.2,,0 ,0 ,51.2,51.2,,0 ,0 ,51.2,51.2,,0 ,0 ,51.2,51.2,,0 ,0 ,0.0,0.0,,0 ,0 ,0.0,0.0,,0 ,0 ,0.0,0.0,,0 ,0 ,,51.2,51.2,51.2,51.2,51.2,51.2,51.2,51.2,51.2,51.2,51.2,51.2,YoY,51.2,51.2,51.2,51.2,51.2,51.2,51.2,51.2,51.2,51.2,51.2,51.2,,51.2,51.2,51.2,51.2,51.2,51.2,51.2,51.2,51.2,51.2,51.2,51.2,,,,,,0.0,,,,,
,,,,ARPA：長期PF（千円）,,,75.0,75.0,75.0,90.8,92.1,99.7,99.6,109.6,106.2,104.0,101.9,105.7,104.5,105.3,104.6,115.26%,120,120.21,130.29,130.89,132.03,132.67,132.67,135.27,134.91,138.77,140.81,137.59,114.73%,150.8,150.8,,0 ,0 ,133.7,133.7,,0 ,0 ,184.6,184.6,,0 ,0 ,150.3,150.3,,0 ,0 ,152.8,152.8,,0 ,0 ,133.9,133.9,,0 ,0 ,160.3,160.3,,0 ,0 ,151.6,151.6,,0 ,0 ,137,136.7,,0 ,0 ,150.6,150.6,,0 ,0 ,170.6,170.6,,0 ,0 ,148.0,148.0,,0 ,0 ,112.47%,149.7,151.5,153.2,154.9,156.6,158.4,160.1,161.8,163.5,165.3,167.0,168.7,114.00%,170.1,171.5,172.9,174.4,175.8,177.2,178.6,180.0,181.4,182.8,184.2,185.6,110.00%,187.1,188.7,190.2,191.8,193.3,194.9,196.4,198.0,199.5,201.1,202.6,204.2,110.00%,,,,,0.0,,,,,
,,,新規,コンパウンド（AF、名刺OCR、動画マニュアル他）MRR,,,,,,,,,,,,,,,,,,,,,,,,,,,,,,,,,,,,,,,,,,,,,,,,,,,,,,,,,,,,,,,,,,,,,,,,,,,,,,,,,,,,,,,,,,,,,0,0,0,30,120,150,340,370,430,460,650,680,,793.3,906.7,"1,020.0","1,133.3","1,246.7","1,360.0","1,473.3","1,586.7","1,700.0","1,813.3","1,926.7","2,040.0",300.00%,"2,380.0","2,720.0","3,060.0","3,400.0","3,740.0","4,080.0","4,420.0","4,760.0","5,100.0","5,440.0","5,780.0","6,120.0",300.00%,0,0,0,0,0,,,"3,230","17,000","51,000"
,,,,,,,,,,,,,,,,,,,,,,,,,,,,,,,,,,,,,,,,,,,,,,,,,,,,,,,,,,,,,,,,,,,,,,,,,,,,,,,,,,,,,,,,,,,,,,,,,,,,,,,,,,,,,,,,,,,,,,,,,,,,,,,,,,,,,,,,,,,,0,,,,,
,,,オプションサービス,,,,,,,,,,,,,,,,,,,,,,,,,,,,,,,,,,,,,,,,,,,,,,,,,,,,,,,,,,,,,,,,,,,,,,,,,,,,,,,,,,,,,,,,,,,,,,,,,,,,,,,,,,,,,,,,,,,,,,,,,,,,,,,,,,,,,,,,,0,,,,,
,,,,その他合計：（千円）,,,,,,"10,360","9,569","17,183","12,460","10,493","14,829","16,678","21,729","25,646","6,534","6,838","39,911",,"13,602","12,496","6,515","10,066","12,891","36,759","12,134","20,385","55,782","5,111","7,187","51,837",,"6,586","6,586","6,556",0 ,0 ,"4,056","4,056","4,005",0 ,0 ,"4,876","4,876","4,786",0 ,0 ,"18,530","18,530","18,615",0 ,0 ,"29,589","29,589","29,348",0 ,0 ,"11,788","11,788","11,756",0 ,0 ,"19,078","19,078","19,000",0 ,0 ,"13,379","13,379","13,345",0 ,0 ,"21,789","21,789","21,760",0 ,0 ,"12,120","12,120","12,359",0 ,0 ,"10,035","10,035","10,030",0 ,0 ,"73,471","73,471","75,550",0 ,0 ,,"9,982","7,121","9,218","27,064","15,442","18,973","35,882","29,170","37,811","30,286","31,895","66,943",,"21,975","22,501","22,056","37,263","23,312","27,448","34,997","34,694","30,382","33,553","33,097","51,442",,"32,993","33,662","33,308","49,361","34,834","39,271","49,232","49,028","44,612","48,040","47,654","66,980",,"192,230","244,766","283,455","225,295","227,110"," 1,815 ",1 ,"319,786","494,521","855,976"
,,,,オプションサービス（イベントサポート）,,,,,,"1,408","2,082","1,952","5,948","4,618","4,724","9,263","17,387","7,007","4,343","4,405","4,471",,"4,307","7,839","2,005","7,439","7,485","9,421","9,426","16,557","9,405","4,704","3,671","18,157",,"1,735","1,735","1,735",0 ,0 ,"2,289","2,289","2,289",0 ,0 ,670,670,700,0 ,0 ,"13,884","13,884","13,884",0 ,0 ,"1,008","1,008","1,008",0 ,0 ,"4,772","4,772","5,122",0 ,0 ,"8,822","8,822","8,822",(0),(0),"6,569","6,569","6,569",0 ,0 ,"4,632","4,632","4,632",0 ,0 ,"8,473","8,473","8,618",0 ,0 ,"7,108","7,108","7,108",0 ,0 ,"22,841","22,841","22,841",0 ,0 ,,819,"1,324",903,"15,358","2,056","6,004","11,251","10,965","6,857","9,884","9,453","26,951",,"1,859","2,389","1,946","17,104","3,156","7,296","13,797","13,498","9,190","12,365","11,912","30,260",,"3,949","4,505","4,041","19,935","5,310","9,650","17,468","17,153","12,637","15,965","15,491","34,731",,"67,606","100,415","126,221","82,803","83,327", 524 ,1 ,"101,826","124,773","160,835"
,,,,,既存,,,,,,,,,,,,,,,,,,,,,,,,,,,,,,,,,,,,,,,,,,,,,,,,,,,,,,,,,,,,,,,,,,,,,,,,,,,,,,,,,,,,,,,,,,,,819,"1,324",703,"14,558","1,056","5,004","9,251","7,965","4,857","8,884","7,453","23,951",,,,,,,,,,,,,,,,,,,,,,,,,,,,,,,,0,,,"85,826",,
,,,,,新規,,,,,,,,,,,,,,,,,,,,,,,,,,,,,,,,,,,,,,,,,,,,,,,,,,,,,,,,,,,,,,,,,,,,,,,,,,,,,,,,,,,,,,,,,,,,0,0,200,800,"1,000","1,000","2,000","3,000","2,000","1,000","2,000","3,000",,"1,000","1,000","1,000","1,000","1,000","1,000","2,000","2,000","2,000","2,000","2,000","2,000",,"2,000","2,000","2,000","2,000","2,000","2,000","3,000","3,000","3,000","3,000","3,000","3,000",,,,,,0,,,"16,000",,
,,,,オプションサービス（プロフェッショナルサービス）,,,,,,"1,130",740,"4,114","1,617","2,221","2,725","2,045","2,541","4,514",541,"1,769",820,,"1,384",683,707,"1,598","4,332","2,383",696,"1,870","1,332",380,"1,198",970,,360,360,330,0 ,0 ,928,928,878,0 ,0 ,"1,398","1,398","1,278",0 ,0 ,"1,038","1,038","1,124",0 ,0 ,"1,361","1,361","1,120",0 ,0 ,"1,787","1,787","1,407",0 ,0 ,"1,424","1,424","1,344",0 ,0 ,"4,545","4,545","4,515",0 ,0 ,"2,285","2,285","2,255",0 ,0 ,860,860,952,0 ,0 ,829,829,"1,206",0 ,0 ,"1,022","1,022","3,081",0 ,0 ,,"1,032","1,029","1,026","1,175","1,472","1,169","3,916","2,212","3,509","2,205","3,901","3,198",,"4,257","4,254","4,251","4,300","4,297","4,294","5,341","5,337","5,334","5,330","5,326","5,323",,"10,021","10,135","10,245","10,403","10,502","10,598","12,742","12,852","12,953","13,052","13,141","13,227",,"24,779",３,"36,823","17,837","19,489"," 1,652 ",9 ,"25,844","57,644","139,872"
,,,,,既存ネクプロ初期費用,,,,,451,572,"1,120","1,186",631,834,"1,427",768,705,157,274,196,,274,98,357,98,98,98,196,0,157,0,298,470,,0,0,0,0 ,0 ,98,98,98,0 ,0 ,348,348,348,0 ,0 ,196,196,294,0 ,0 ,394,394,296,0 ,0 ,526,526,526,0 ,0 ,442,442,442,0 ,0 ,"2,740","2,740","2,990",0 ,0 ,196,196,"1,396",0 ,0 ,250,250,548,0 ,0 ,274,274,274,0 ,0 ,"1,322","1,322","1,322",0 ,0 ,,272,269,266,316,312,309,356,353,349,345,342,338,,272,269,266,316,312,309,356,353,349,345,342,338,,272,269,266,316,312,309,356,353,349,345,342,338,,"8,323","2,144","6,700","6,786","8,534"," 1,748 ",26 ,"3,828","3,828","3,828"
,,,,,新規ネクプロ初期費用,,,,,,,,,,,,,,,,,,,,,,,,,,,,,,,,,,,,,,,,,,,,,,,,,,,,,,,,,,,,,,,,,,,,,,,,,,,,,,,,,,,,,,,,,,,,0,0,0,100,400,100,800,100,400,100,800,100,,725,725,725,725,725,725,725,725,725,725,725,725,,"2,175","2,175","2,175","2,175","2,175","2,175","2,175","2,175","2,175","2,175","2,175","2,175",,0,0,0,0,0,,,"2,900","8,700","26,100"
,,,,,BPO、コンサルティング,,,,,679,168,"2,994",431,"1,590","1,891",618,"1,773","3,810",384,"1,495",624,,"1,110",585,350,"1,500","4,234","2,285",500,"1,870","1,175",380,900,500,,360,360,330,0 ,0 ,830,830,780,0 ,0 ,"1,050","1,050",930,0 ,0 ,842,842,830,0 ,0 ,967,967,824,0 ,0 ,"1,261","1,261",881,0 ,0 ,982,982,902,0 ,0 ,"1,805","1,805","1,525",0 ,0 ,"2,089","2,089",859,0 ,0 ,610,610,404,0 ,0 ,555,555,932,0 ,0 ,-300,-300,"1,759",0 ,0 ,,760,760,760,760,760,760,"2,760","1,760","2,760","1,760","2,760","2,760",,"3,260","3,260","3,260","3,260","3,260","3,260","4,260","4,260","4,260","4,260","4,260","4,260",,"7,574","7,691","7,804","7,912","8,015","8,114","10,211","10,324","10,429","10,532","10,624","10,714",,"16,456","15,389","30,123","11,051","10,955",(96),(1),"19,116","45,116","109,944"
,,,,,,デザインカスタマイズ,,,,,,,,,,,,,,0,0,,310,115,0,0,"1,734",786,0,"1,370",500,0,50,0,,30,30,30,0 ,0 ,180,180,180,0 ,0 ,570,570,570,0 ,0 ,380,380,380,0 ,0 ,170,170,170,0 ,0 ,30,30,30,0 ,0 ,300,300,300,0 ,0 ,894,894,894,0 ,0 ,0,0,,0 ,0 ,,,,0 ,0 ,382,382,382,0 ,0 ,377,377,377,0 ,0 ,,185,185,185,185,185,185,185,185,185,185,185,185,,185,185,185,185,185,185,185,185,185,185,185,185,,"1,744","1,805","1,865","1,924","1,983","2,040","2,098","2,168","2,237","2,305","2,373","2,440",,0,"4,865","5,693","3,312","3,312", 0 ,0 ,"2,222","2,222","24,982"
,,,,,,データ登録代行,,,,,,,,,,,,,,0,0,,0,0,0,150,0,0,0,0,218,0,0,0,,0,0,0,0 ,0 ,0,300,300,300 ,0 ,0,0,0,0 ,0 ,0,0,0,0 ,0 ,0,160,160,160 ,0 ,0,,,0 ,0 ,198,198,198,0 ,0 ,0,0,,0 ,0 ,0,0,,0 ,0 ,0,0,,0 ,0 ,550,550,550,0 ,0 ,0,0,,0 ,0 ,,75,75,75,75,75,75,75,75,75,75,75,75,,75,75,75,75,75,75,75,75,75,75,75,75,,830,886,939,988,"1,032","1,074","1,113","1,156","1,192","1,227","1,251","1,274",,0,368,430,748,"1,208", 460 ,61 ,894,894,"12,962"
,,,,,,ウェビナーコンサルサービス,,,,,,,,,,,,,,0,0,,350,450,350,350,0,900,500,500,300,350,850,500,,300,300,300,0 ,0 ,300,300,300,0 ,0 ,150,150,150,0 ,0 ,250,250,250,0 ,0 ,494,494,494,0 ,0 ,,,,0 ,0 ,404,404,404,0 ,0 ,0,0,,0 ,0 ,0,0,,0 ,0 ,,,,0 ,0 ,0,0,0,0 ,0 ,,,,0 ,0 ,,500,500,500,500,500,500,500,500,500,500,500,500,,"1,000","1,000","1,000","1,000","1,000","1,000","1,000","1,000","1,000","1,000","1,000","1,000",,"1,000","1,000","1,000","1,000","1,000","1,000","1,000","1,000","1,000","1,000","1,000","1,000",,0,"5,400","13,500","1,898","1,898", 0 ,0 ,"6,000","12,000","12,000"
,,,,,,集客支援,,,,,,,,,,299,622,487,0,0,0,,0,0,0,0,0,0,0,0,0,0,0,0,,0,0,0,0 ,0 ,0,0,0,0 ,0 ,0,0,0,0 ,0 ,0,0,0,0 ,0 ,0,0,0,0 ,0 ,,,,0 ,0 ,0,0,0,0 ,0 ,0,0,,0 ,0 ,0,0,,0 ,0 ,0,0,,0 ,0 ,0,0,0,0 ,0 ,0,0,,0 ,0 ,,0,0,0,0,0,0,"1,000",0,"1,000",0,"1,000","1,000",,"1,000","1,000","1,000","1,000","1,000","1,000","1,000","1,000","1,000","1,000","1,000","1,000",,"2,000","2,000","2,000","2,000","2,000","2,000","3,000","3,000","3,000","3,000","3,000","3,000",,"1,408",0,"10,500",0,0, 0 ,0 ,"4,000","12,000","30,000"
,,,,,,その他（コンテンツ制作etc）,,,,,,,,,,,,,,,,,450,20,0,"1,000","2,500",599,0,0,158,30,0,0,,0,0,0,0 ,0 ,0,0,0,0 ,0 ,210,210,210,0 ,0 ,200,200,200,0 ,0 ,0,0,0,0 ,0 ,851,851,851,0 ,0 ,0,0,0,0 ,0 ,631,631,631,"2,109 ",334 ,859,859,859,0 ,0 ,404,404,404,0 ,0 ,0,0,0,0 ,0 ,"1,383","1,383","1,383",0 ,0 ,,0,0,0,0,0,0,"1,000","1,000","1,000","1,000","1,000","1,000",,"1,000","1,000","1,000","1,000","1,000","1,000","2,000","2,000","2,000","2,000","2,000","2,000",,"2,000","2,000","2,000","2,000","2,000","2,000","3,000","3,000","3,000","3,000","3,000","3,000",,0,"4,757",0,"4,538","4,538", 0 ,0 ,"6,000","18,000","30,000"
,,,,,,決算調整,,,,,,,,,,,,,,,,,,,,,,,,,,,,,,30,30,,,,50,50,,,,120,120,,,,12,12,,,,143,143,,,,380,380,,,,80,80,,,,280,280,,,,"1,230","1,230",,,,206,206,,,,-377,-377,,,,"-2,059","-2,059",,,,,,,,,,,,,,,,,,,,,,,,,,,,,,,,,,,,,,,,,,,,0,0,0,96,0,,,0,0,0
,,,,,,,,,,,,,,,,,,,,,,,,,,,,,,,,,,,,,,,,,,,,,,,,,,,,,,,,,,,,,,,,,,,,,,,,,,,,,,,,,,,,,,,,,,,,,,,,,,,,,,,,,,,,,,,,,,,,,,,,,,,,,,,,,,,,,,,,,,,,0,,,,,
,,,,オプションサービス（追加開発）,,,,,,"7,525","6,665","10,583","3,452","3,654","7,380","5,370","1,800","14,125","1,650",350,"34,620",,"7,885","3,957","3,735",976,958,"24,901","2,000","1,908","44,948",0,"2,318","32,710",,"4,491","4,491","4,491",0 ,0 ,828,828,828,0 ,0 ,"2,700","2,700","2,700",0 ,0 ,"3,540","3,540","3,539",0 ,0 ,"27,082","27,082","27,082",0 ,0 ,"5,216","5,216","5,216",0 ,0 ,"8,807","8,807","8,807",0 ,0 ,"2,153","2,153","2,153",0 ,0 ,"14,807","14,807","14,807",0 ,0 ,"2,732","2,732","2,732",0 ,0 ,"2,064","2,064","1,682",0 ,0 ,"49,594","49,594","49,594",0 ,0 ,,"8,091","4,428","6,300","9,140","9,524","8,660","17,575","12,753","22,905","13,556","13,600","31,654",,"15,819","15,819","15,819","15,819","15,819","15,819","15,819","15,819","15,819","15,819","15,819","15,819",,"18,982","18,982","18,982","18,982","18,982","18,982","18,982","18,982","18,982","18,982","18,982","18,982",,"97,174","126,296","120,411","124,013","123,630",(382),(0),"158,187","189,824","227,789"
,,,,,,レビック（SSC 前期同額）,,,,"7,525","6,665","3,308",880,"3,654","7,380",0,"1,800","14,125","1,650",350,"13,220",,"1,785","3,957","3,735",0,0,"7,251","2,000","1,908","16,498",0,0,"15,620",,"4,491","4,491","4,491",0 ,0 ,828,828,828,0 ,0 ,"2,700","2,700","2,700",0 ,0 ,"3,540","3,540","3,539",0 ,0 ,"3,924","3,924","3,924",0 ,0 ,"3,060","3,060","3,060",0 ,0 ,"6,975","6,975","6,975",0 ,0 ,"2,153","2,153","2,153",0 ,0 ,"12,305","12,305","12,305",0 ,0 ,956,956,956,0 ,0 ,0,0,0,0 ,0 ,"18,054","18,054","18,054",0 ,0 ,,"4,491",828,"2,700","3,540","3,924","3,060","6,975","2,153","12,305",956,0,"18,054",,,,,,,,,,,,,,,,,,,,,,,,,,,,,"52,754","57,411","58,987","58,986",(1),(0),"58,987",,
,,,,,,レビック（タレマネ）,,,,,,,,,,,,,,,,,"1,200",0,0,0,0,"17,650",0,0,"28,450",0,"2,052","7,000",,0,0,0,0 ,0 ,0,0,0,0 ,0 ,0,0,0,0 ,0 ,0,0,0,0 ,0 ,"9,532","9,532","9,532",0 ,0 ,"1,164","1,164","1,164",0 ,0 ,"1,696","1,696","1,696",0 ,0 ,,,,0 ,0 ,"1,622","1,622","1,622",0 ,0 ,"1,775","1,775","1,775",0 ,0 ,"1,398","1,398","1,398",0 ,0 ,"1,747","1,747","1,747",0 ,0 ,,"1,600","1,600","1,600","1,600","1,600","1,600","1,600","1,600","1,600","1,600","1,600","1,600",,,,,,,,,,,,,,,,,,,,,,,,,,,,,"56,352","18,000","18,934","18,934", 0 ,0 ,"19,200",,
,,,,,,レビック（その他）,,,,,,,,,,,,,,,,,0,0,0,0,0,0,0,0,0,0,0,0,,0,0,0,0 ,0 ,0,0,0,0 ,0 ,0,0,0,0 ,0 ,0,0,0,0 ,0 ,0,0,0,0 ,0 ,,,0,0 ,0 ,0,0,0,0 ,0 ,0,0,,0 ,0 ,0,0,,0 ,0 ,0,,,0 ,0 ,382,382,,0 ,0 ,,,,0 ,0 ,,0,0,0,"2,000","2,000","2,000","3,000","3,000","3,000","5,000","5,000","5,000",,,,,,,,,,,,,,,,,,,,,,,,,,,,,0,0,382,0,(382),(100),30000,,
,,,,,,メドトロニック（前期同額）,,,,,,"7,275","2,572",,,"5,370",,,0,0,"21,400",,"4,900",0,0,976,958,0,0,0,0,0,266,90,,0,0,0,0 ,0 ,0,0,0,0 ,0 ,0,0,0,0 ,0 ,0,0,0,0 ,0 ,626,626,626,0 ,0 ,993,993,993,0 ,0 ,0,0,0,0 ,0 ,0,0,,0 ,0 ,0,0,,0 ,0 ,0,,,0 ,0 ,,,,0 ,0 ,0,,,0 ,0 ,,0,0,0,0,0,0,"1,000","1,000","1,000","1,000","2,000","2,000",,,,,,,,,,,,,,,,,,,,,,,,,,,,,"7,190","18,000","1,619","1,619", 0 ,0 ,"8,000",,
,,,,,,その他SI,,,,,,,,,,,,,,,,,0,0,0,0,0,0,0,0,0,0,0,"10,000",,0,0,0,0 ,0 ,0,0,0,0 ,0 ,0,0,0,0 ,0 ,0,0,0,0 ,0 ,"13,000","13,000","13,000",0 ,0 ,0,0,0,0 ,0 ,136,136,136,0 ,0 ,0,0,,0 ,0 ,880,880,880,0 ,0 ,0,0,0,0 ,0 ,284,284,284,0 ,0 ,"29,793","29,793","29,793",0 ,0 ,,"2,000","2,000","2,000","2,000","2,000","2,000","5,000","5,000","5,000","5,000","5,000","5,000",,,,,,,,,,,,,,,,,,,,,,,,,,,,,"10,000","27,000","44,093","44,093", 0 ,0 ,"42,000",,
,,,,コンテンツ販売,,,,,,297,83,535,"1,442",0,0,0,0,0,0,314,0,,26,17,68,54,116,54,12,50,97,27,0,0,,0,0,0,0 ,0 ,10,10,10,0 ,0 ,108,108,108,0 ,0 ,68,68,68,0 ,0 ,139,139,139,0 ,0 ,12,12,10,0 ,0 ,26,26,28,0 ,0 ,112,112,108,0 ,0 ,65,65,67,0 ,0 ,56,56,57,0 ,0 ,34,34,34,0 ,0 ,14,14,34,0 ,0 ,,40,40,40,40,40,40,40,40,40,40,40,40,,40,40,40,40,40,40,40,40,40,40,40,40,,40,40,40,40,40,40,40,40,40,40,40,40,,"2,671",521,480,643,663, 21 ,3 ,480,480,480
,,,,その他,,,,,,,,,,,,,,,,,,,,,,,,,,,,,,0,,0,0,0,0 ,0 ,0,0,0,0 ,0 ,0,0,0,0 ,0 ,,,,0 ,0 ,,,,0 ,0 ,,,,0 ,0 ,,,,0 ,0 ,0,0,,0 ,0 ,0,0,,0 ,0 ,0,,,0 ,0 ,0,,,0 ,0 ,0,,,0 ,0 ,,0,300,950,"1,350","2,350","3,100","3,100","3,200","4,500","4,600","4,900","5,100",,"6,600","6,700","7,100","8,700","9,100","9,200","11,100","11,200","11,600","13,200","13,600","13,700",,"16,500","17,000","20,500","21,000","24,500","25,000","29,000","29,500","33,500","34,000","38,000","38,500",,0,0,0,0,0, 0 ,0 ,"33,450","121,800","327,000"
,,,,,,営業代行、営業DX,,,,,,,,,,,,,,,,,,,,,,,,,,,,,,,,,,,,,,,,,,,,,,,,,,,,,,,,,,,,,,,,,,,,,,,,,,,,,,,,,,,,,,,,,,,0,300,950,"1,350","2,350","3,100","3,100","3,200","4,500","4,600","4,900","5,100",,"6,600","6,700","7,100","8,700","9,100","9,200","11,100","11,200","11,600","13,200","13,600","13,700",,"16,500","17,000","20,500","21,000","24,500","25,000","29,000","29,500","33,500","34,000","38,000","38,500",,0,0,0,0,0,,,"33,450","121,800","327,000"
,,,,,,その他（コンサル、イベント他）,,,,,,,,,,,,,,,,,,,,,,,,,,,,,,,,,,,,,,,,,,,,,,,,,,,,,,,,,,,,,,,,,,,,,,,,,,,,,,,,,,,,,,,,,,,,,,,,,,,,,,,,,,,,,,,,,,,,,,,,,,,,,,,,,,0,0,0,0,0,,,0,0,0
,,,,,,,,,,,,,,,,,,,,,,,,,,,,,,,,,,,,,,,,,,,,,,,,,,,,,,,,,,,,,,,,,,,,,,,,,,,,,,,,,,,,,,,,,,,,,,,,,,,,,,,,,,,,,,,,,,,,,,,,,,,,,,,,,,,,,,,,,,,,0,,,,,
,,KPI,MRR,,,,,,,,,,,,,,,,,,,,-115,0,"1,333",-116,-34,-214,0,-139,-188,162,111,169,,-36,-36,-,0 ,0 ,-38,-38,-,(0),1 ,357,357,-,0 ,0 ,50,50,-,0 ,0 ,495,495,-,0 ,0 ,474,474,-,(0),(0),928,928,-,0 ,0 ,527,479,-,(48),(9),-51,-51,-,0 ,0 ,-94,206,-,300 ,(319),106,-51,-,(157),(148),691,691,-,0 ,0 ,,247,241,-20,515,518,515,594,592,589,587,584,581,,635,529,523,518,606,602,597,684,679,674,668,663,,912,789,783,778,875,870,865,960,955,949,943,937,,,969,"3,409","3,409",#VALUE!,#VALUE!,0 ,"5,543","9,681","10,618"
,,,長期MRR,,,,,,,,,,,,,,,,,,,,343,0,"1,421",-38,-99,-57,0,-187,-266,210,111,227,,-36,-36,-,0 ,0 ,138,138,-,(0),(0),357,357,-,0 ,0 ,50,50,-,0 ,0 ,495,495,-,0 ,0 ,253,253,-,0 ,0 ,928,928,-,0 ,0 ,527,479,-,(48),(9),-51,-51,-,0 ,0 ,-94,206,-,300 ,(319),106,-51,-,(157),(148),691,691,-,0 ,0 ,,,,,,,,,,,,,,,,,,,,,,,,,,,,,,,,,,,,,,,,,,"1,665","3,364","3,364",#VALUE!,#VALUE!,0 ,0,0,0
,,,短期MRR,,,,,,,,,,,,,,,,,,,,-458,0,-88,-78,65,-157,0,48,78,-48,0,-58,,0,0,-,0 ,0 ,-176,-176,-,0 ,0 ,0,0,-,0 ,0 ,0,0,-,0 ,0 ,0,0,-,0 ,0 ,221,221,-,(0),(0),0,0,-,0 ,0 ,0,0,-,0 ,0 ,0,0,-,0 ,0 ,0,0,-,0 ,0 ,0,0,-,0 ,0 ,0,0,-,0 ,0 ,,,,,,,,,,,,,,,,,,,,,,,,,,,,,,,,,,,,,,,,,,-696,45,45,#VALUE!,#VALUE!,0 ,0,0,0
,,,既存顧客,,,,,,,,,,,,,,,,,,,,-452,-146,"1,333",-224,-99,-322,-294,-242,-453,64,-83,-213,,-132,-132,-,0 ,0 ,-269,-269,-,(0),0 ,-104,-104,-,0 ,0 ,-194,-194,-,0 ,0 ,0,0,-,0 ,0 ,-144,-144,-,0 ,0 ,167,167,-,0 ,0 ,-144,-194,-,(50),35 ,-194,-194,-,0 ,0 ,-194,-194,-,0 ,0 ,-194,-194,-,0 ,0 ,-44,-44,-,0 ,0 ,,-161,-166,-428,26,29,26,24,22,19,16,13,10,,172,67,62,-33,57,55,-40,49,46,43,39,35,,403,282,277,173,271,268,165,262,259,255,251,247,,,"-1,131","-1,446","-1,446",#VALUE!,#VALUE!,0 ,-571,553,"3,112"
,,,,newMRR（長期）,,,,,,,,,,,,,,,,,,,0,0,65,48,0,0,0,0,0,0,0,0,,0,0,-,0 ,0 ,0,0,-,0 ,0 ,0,0,-,0 ,0 ,0,0,-,0 ,0 ,0,0,-,0 ,0 ,0,0,-,0 ,0 ,0,0,-,0 ,0 ,0,0,-,0 ,0 ,0,0,-,0 ,0 ,0,0,-,0 ,0 ,0,0,-,0 ,0 ,0,0,-,0 ,0 ,,,,,,,,,,,,,,,,,,,,,,,,,,,,,,,,,,,,,,,,,,113,0,0,#VALUE!,#VALUE!,0 ,0,0,0
,,,,newMRR（短期）,,,,,,,,,,,,,,,,,,,98,0,78,0,0,0,78,0,78,0,0,78,,0,0,-,0 ,0 ,0,0,-,0 ,0 ,0,0,-,0 ,0 ,0,0,-,0 ,0 ,0,0,-,0 ,0 ,0,0,-,0 ,0 ,0,0,-,0 ,0 ,0,0,-,0 ,0 ,0,0,-,0 ,0 ,0,0,-,0 ,0 ,0,0,-,0 ,0 ,0,0,-,0 ,0 ,,,,,,,,,,,,,,,,,,,,,,,,,,,,,,,,,,,,,,,,,,410,0,0,#VALUE!,#VALUE!,0 ,0,0,0
,,,,ExpansionMRR（長期）,,,,,,,,,,,,,,,,,,,195,0,"1,548",0,93,0,96,0,0,208,10,50,,80,80,-,0 ,0 ,45,45,-,0 ,0 ,90,90,-,0 ,0 ,0,0,-,0 ,0 ,0,0,-,0 ,0 ,50,50,-,0 ,0 ,167,167,-,0 ,0 ,0,0,-,0 ,0 ,0,0,-,0 ,0 ,0,0,-,0 ,0 ,0,0,-,0 ,0 ,100,100,-,0 ,0 ,,283,283,279,281,284,286,289,292,295,298,301,304,,448,349,373,282,376,377,288,381,384,386,388,390,,740,625,648,549,652,653,555,658,660,662,664,666,,,"2,200",532,532,#VALUE!,#VALUE!,0 ,"3,474","4,421","7,731"
,,,,Downgrade MRR（長期）,,,,,,,,,,,,,,,,,,,0,0,0,0,0,0,0,0,0,0,0,0,,0,0,-,0 ,0 ,0,0,-,0 ,0 ,0,0,-,0 ,0 ,0,0,-,0 ,0 ,0,0,-,0 ,0 ,0,0,-,0 ,0 ,0,0,-,0 ,0 ,0,0,-,0 ,0 ,0,0,-,0 ,0 ,0,0,-,0 ,0 ,0,0,-,0 ,0 ,0,0,-,0 ,0 ,,,,,,,,,,,,,,,,,,,,,,,,,,,,,,,,,,,,,,,,,,0,0,0,#VALUE!,#VALUE!,0 ,0,0,0
,,,,Churn MRR（長期）,,,,,,,,,,,,,,,,,,,189,146,192,194,192,165,390,242,531,96,93,205,,212,212,,0 ,0 ,138,138,,0 ,0 ,194,194,,0 ,0 ,194,194,,0 ,0 ,0,0,,0 ,0 ,194,194,,0 ,0 ,0,0,,0 ,0 ,144,194,,50 ,35 ,194,194,,0 ,0 ,194,194,,0 ,0 ,194,194,,0 ,0 ,144,144,,0 ,0 ,,444,449,707,255,255,260,265,270,276,282,288,294,,276,282,310,315,319,323,328,333,337,343,349,354,,337,343,372,376,380,385,390,396,401,407,413,419,,,"2,635","1,802","1,802",0,"(1,802)",(100),"4,045","3,869","4,619"
,,,,Churn MRR（短期）,,,,,,,,,,,,,,,,,,,557,0,166,78,0,157,78,0,0,48,0,136,,0,0,-,0 ,0 ,176,176,-,0 ,0 ,0,0,-,0 ,0 ,0,0,-,0 ,0 ,0,0,-,0 ,0 ,0,0,-,0 ,0 ,0,0,-,0 ,0 ,0,0,-,0 ,0 ,0,0,-,0 ,0 ,0,0,-,0 ,0 ,0,0,-,0 ,0 ,0,0,-,0 ,0 ,,,,,,,,,,,,,,,,,,,,,,,,,,,,,,,,,,,,,,,,,,"1,220",176,176,#VALUE!,#VALUE!,0 ,0,0,0
,,,新規顧客,,,,,,,,,,,,,,,,,,,,337,146,0,108,65,108,294,103,264,98,194,382,,96,96,-,0 ,0 ,231,231,-,0 ,0 ,461,461,-,0 ,0 ,244,244,-,0 ,0 ,495,495,-,0 ,0 ,618,618,-,(0),(0),761,761,-,0 ,0 ,671,673,-,2 ,0 ,400,143,-,(257),(64),100,400,-,300 ,300 ,300,143,-,(157),(52),735,735.4,-,0 ,0 ,,,,,,,,,,,,,,,,,,,,,,,,,,,,,,,,,,,,,,,,,,"2,100","5,112","5,112",#VALUE!,#VALUE!,0 ,0,0,0
,,,,newMRR（長期）,,,,,,,,,,,,,,,,,,,337,146,0,108,0,108,294,55,264,98,194,382,,96,96,-,0 ,0 ,231,231,-,0 ,0 ,461,461,-,0 ,0 ,244,244,-,0 ,0 ,495,495,-,0 ,0 ,397,397,-,0 ,0 ,761,761,-,0 ,0 ,671,673,-,2 ,0 ,400,143,-,(257),(64),100,400,-,300 ,300 ,300,143,-,(157),(52),735,735.4,-,0 ,0 ,,408,408,408,489,489,489,571,571,571,571,571,571,,463,462,460,551,549,547,637,635,633,631,629,628,,509,508,506,606,604,602,700,698,696,694,692,691,,,"1,986","4,891","4,891",#VALUE!,#VALUE!,0 ,"6,114","6,824","7,506"
,,,,newMRR（短期）,,,,,,,,,,,,,,,,,,,0,0,0,0,65,0,0,48,0,0,0,0,,,,,0 ,0 ,0,0,,0 ,0 ,,,,0 ,0 ,,,,0 ,0 ,0,0,,0 ,0 ,221,221,,(0),(0),,,,0 ,0 ,,,,0 ,0 ,,,,0 ,0 ,,,,0 ,0 ,,,,0 ,0 ,,,,0 ,0 ,,,,,,,,,,,,,,,,,,,,,,,,,,,,,,,,,,,,,,,,,,113,221,221,0,(221),(100),0,0,0
,,KPI,累計：合計アカウント数,,,,0,0,200,198,190,190,184,178,186,194,199,194,190,189,178,,177,176,173,172,171,168,168,164,163,160,158,162,,159,159,-,0 ,0 ,158,158,-,0 ,0 ,157,157,-,0 ,0 ,156,155,-,(1),(1),158,157,-,(1),(1),161,160,-,(1),(1),165,164,-,(1),(1),171,169,-,(2),(1),175,170,-,(5),(3),167,167,-,0 ,0 ,165,165,-,0 ,0 ,171,171,-,0 ,0 ,,169,166,164,166,167,169,171,172,174,176,178,179,,181,182,183,184,185,186,187,189,191,192,194,195,,197,198,198,199,200,201,202,204,206,207,208,210,,178,162,196,171,#VALUE!,#VALUE!,0 ,179,195,210
,,,累計：長期アカウント数,,,,,,169,169,165,166,161,153,160,166,171,168,166,166,160,,164,163,161,159,157,155,155,151,150,147,146,151,,147,147,-,0 ,0 ,146,146,-,0 ,0 ,147,147,-,0 ,0 ,146,146,-,0 ,0 ,148,148,-,0 ,0 ,152,152,-,0 ,0 ,156,156,-,0 ,0 ,162,162,-,0 ,0 ,164,164,-,0 ,0 ,163,163,-,0 ,0 ,161,161,-,0 ,0 ,167,167,-,0 ,0 ,,167,166,164,166,167,169,171,173,174,176,178,179,,181,182,183,184,185,186,187,189,191,192,194,195,,197,198,198,199,200,201,202,204,206,207,208,210,,160,151,196,167,#VALUE!,#VALUE!,0 ,179,195,210
,,,累計：短期アカウント数,,,,,,31,29,25,24,23,25,26,28,28,26,24,23,18,,13,13,12,13,14,13,13,13,13,13,12,11,,12,12,-,0 ,0 ,12,12,-,0 ,0 ,10,10,-,0 ,0 ,9,9,-,0 ,0 ,9,9,-,0 ,0 ,8,8,-,0 ,0 ,8,8,-,0 ,0 ,7,7,-,0 ,0 ,6,6,-,0 ,0 ,4,4,-,0 ,0 ,4,4,-,0 ,0 ,4,4,-,0 ,0 ,,2,0,0,0,0,0,0,0,0,0,0,0,,0,0,0,0,0,0,0,0,0,0,0,0,,0,0,0,0,0,0,0,0,0,0,0,0,,18,11,0,4,#VALUE!,#VALUE!,0 ,0,0,0
,,,,新規：合計アカウント数,,,,,,8,5,13,10,11,15,12,10,5,4,5,7,,5,2,2,5,1,1,4,2,3,2,1,6,,2,2,-,0 ,0 ,3,3,-,0 ,0 ,6,6,-,0 ,0 ,2,2,-,0 ,0 ,5,5,-,0 ,0 ,5,5,-,0 ,0 ,7,7,-,0 ,0 ,6,6,-,0 ,0 ,4,4,-,0 ,0 ,1,1,-,0 ,0 ,3,3,-,0 ,0 ,7,7,-,0 ,0 ,,2.7,2.7,2.7,3.2,3.1,3.1,3.6,3.5,3.5,3.5,3.4,3.4,,2.7,2.7,2.7,3.2,3.1,3.1,3.6,3.5,3.5,3.5,3.4,3.4,,3,3,3,3,3,3,4,4,3,3,3,3,,105,34,76,51,#VALUE!,#VALUE!,0 ,38.3,38.3,38
,,,,新規：長期PFアカウント数（FY3/24からプラン変更除く）,,,,0,0,4,3,8,5,6,10,7,7,1,1,4,4,,4,2,1,3,0,1,3,1,3,2,1,6,,2,2,-,0 ,0 ,3,3,-,0 ,0 ,6,6,-,0 ,0 ,2,2,-,0 ,0 ,5,5,-,0 ,0 ,4,4,-,0 ,0 ,7,7,-,0 ,0 ,6,6,-,0 ,0 ,4,4,-,0 ,0 ,1,1,-,0 ,0 ,3,3,-,0 ,0 ,7,7,-,0 ,0 ,,2.7,2.7,2.7,3.2,3.1,3.1,3.6,3.5,3.5,3.5,3.4,3.4,,2.7,2.7,2.7,3.2,3.1,3.1,3.6,3.5,3.5,3.5,3.4,3.4,,2.7,2.7,2.7,3.2,3.1,3.1,3.6,3.5,3.5,3.5,3.4,3.4,,60,27,67,50,#VALUE!,#VALUE!,0 ,38.3,38.3,38.3
,,,,,成約率（商談to成約）,,,,,13.79%,13.04%,22.22%,12.20%,40.00%,20.00%,26.92%,46.67%,6.25%,7.14%,57.14%,18.18%,20.41%,0,7.69%,5.00%,16.67%,0.00%,4.17%,14.29%,3.45%,13.64%,8.70%,4.35%,26.09%,,8.00%,8.00%,-,0 ,0 ,8.11%,8.11%,-,0 ,0 ,9.68%,9.68%,-,0 ,0 ,3.45%,3.45%,-,0 ,0 ,12.82%,12.82%,-,0 ,0 ,10.81%,10.81%,-,0 ,0 ,13.21%,13.21%,-,0 ,0 ,20.69%,20.69%,-,0 ,0 ,8.00%,8.00%,-,0 ,0 ,2.22%,2.22%,-,0 ,0 ,6.12%,6.12%,-,0 ,0 ,15.91%,15.91%,-,0 ,0 ,,,,,,,,,,,,,,,,,,,,,,,,,,,,,,,,,,,,,,,,,11.21%,9.54%,10.47%,9.47%,#VALUE!,#VALUE!,0 ,0,0,0
,,,,,,既存顧客・紹介・代理店,,1,2,0,2,3,2,3,9,3,3,0,0,2,3,,2,0,1,1,0,0,1,0,2,1,0,0,,0,0,-,0 ,0 ,0,0,-,0 ,0 ,1,1,-,0 ,0 ,0,0,-,0 ,0 ,0,0,-,0 ,0 ,0,0,-,0 ,0 ,1,1,-,0 ,0 ,0,0,-,0 ,0 ,2,2,-,0 ,0 ,0,0,-,0 ,0 ,0,0,-,0 ,0 ,1,1,-,0 ,0 ,,0,0,0,0,0,0,0,0,0,0,0,0,,,,,,,,,,,,,,,,,,,,,,,,,,,,30,8,6,5,#VALUE!,#VALUE!,0 ,0,0,0
,,,,,,従来体制,,8,13,4,1,5,3,3,1,4,4,1,1,2,1,,2,2,0,2,0,1,2,1,1,1,1,6,,2,2,-,0 ,0 ,3,3,-,0 ,0 ,5,5,-,0 ,0 ,2,2,-,0 ,0 ,5,5,-,0 ,0 ,4,4,-,0 ,0 ,6,6,-,0 ,0 ,6,6,-,0 ,0 ,2,2,-,0 ,0 ,1,1,-,0 ,0 ,3,3,-,0 ,0 ,6,6,-,0 ,0 ,,2.7,2.7,2.7,2.6,2.6,2.6,2.5,2.5,2.5,2.5,2.4,2.4,,,,,,,,,,,,,,,,,,,,,,,,,,,,30,19,55,45,#VALUE!,#VALUE!,0 ,30.8,0,0
,,,,,,体制強化,,,,,,,,,,,,,,,,,,,,,,,,,,,,,,,,,,,,,,,,,,,,,,,,,,,,,,,,,,,,,,,,,,,,,,,,,,,,,,,,,,,,,,,,,,,0.0,0.0,0.0,0.5,0.5,0.5,1.0,1.0,1.0,1.0,1.0,1.0,,,,,,,,,,,,,,,,,,,,,,,,,,,,0,0,0,0,0,,,,0,0
,,,,,,IS経由成約率（商談to成約）,,,,8.16%,1.64%,8.77%,5.17%,10.34%,2.17%,10.81%,15.38%,4.17%,5.00%,9.52%,2.44%,6.40%,,,,,,,,,,,,,,,,,,,,,,,,,,,,,,,,,,,,,,,,,,,,,,,,,,,,,,,,,,,,,,,,,,,,,,,,,,,,,,,,,,,,,,,,,,,,,,,,,,,,,,,,,,,,,,,,,,1,0,,0,0, 0 ,0 ,0,0,0
,,,,,,Salesforce経由,,,,,,,,,,,,,,,,,0,0,0,0,0,0,0,0,0,0,0,0,,0,0,-,0 ,0 ,0,0,-,0 ,0 ,0,0,-,0 ,0 ,0,0,-,0 ,0 ,0,0,-,0 ,0 ,0,0,-,0 ,0 ,0,0,-,0 ,0 ,0,0,-,0 ,0 ,0,0,-,0 ,0 ,0,0,-,0 ,0 ,0,0,-,0 ,0 ,0,0,-,0 ,0 ,,0,0,0,0,0,0,0,0,0,0,0,0,,,,,,,,,,,,,,,,,,,,,,,,,,,,0,0,6,0,#VALUE!,#VALUE!,0 ,0,0,0
,,,,,長期03商談数,,,,,7,6,17,15,13,12,13,9,4,9,10,9,,5,6,4,3,1,8,9,13,6,4,16,16,,4,4,-,0 ,0 ,9,9,-,0 ,0 ,14,14,-,0 ,0 ,17,17,-,0 ,0 ,10,10,-,0 ,0 ,10,10,-,0 ,0 ,17,17,-,0 ,0 ,5,5,-,0 ,0 ,14,14,-,0 ,0 ,10,10,-,0 ,0 ,9,9,-,0 ,0 ,7,7,-,0 ,0 ,,,,,,,,,,,,,,,,,,,,,,,,,,,,,,,,,,,,,,,,,124,91,279,126,#VALUE!,#VALUE!,0 ,0,0,0
,,,,,長期03商談率,,,,,24.14%,26.09%,47.22%,36.59%,86.67%,24.00%,50.00%,60.00%,25.00%,64.29%,142.86%,40.91%,42.18%,0,46.15%,40.00%,37.50%,6.67%,72.73%,64.29%,52.00%,31.58%,25.00%,69.57%,69.57%,,19.05%,19.05%,-,0 ,0 ,29.03%,29.03%,-,0 ,0 ,28.57%,28.57%,-,0 ,0 ,32.69%,32.69%,-,0 ,0 ,31.25%,31.25%,-,0 ,0 ,32.26%,32.26%,-,0 ,0 ,54.84%,54.84%,-,0 ,0 ,27.78%,27.78%,-,0 ,0 ,60.87%,60.87%,-,0 ,0 ,66.67%,66.67%,-,0 ,0 ,64.29%,64.29%,-,0 ,0 ,53.85%,53.85%,-,0 ,0 ,,,,,,,,,,,,,,,,,,,,,,,,,,,,,,,,,,,,,,,,,42.18%,46.91%,54.92%,38.18%,#VALUE!,#VALUE!,0 ,0,0,0
,,,,,長期商談数,,,,,29,23,36,41,15,50,26,15,16,14,7,22,,17,13,10,8,15,11,14,25,19,16,23,23,,21,21,-,0 ,0 ,31,31,-,0 ,0 ,49,49,-,0 ,0 ,52,52,-,0 ,0 ,32,32,-,0 ,0 ,31,31,-,0 ,0 ,31,31,-,0 ,0 ,18,18,-,0 ,0 ,23,23,-,0 ,0 ,15,15,-,0 ,0 ,14,14,-,0 ,0 ,13,13,-,0 ,0 ,,28,28,28,33,33,33,39,39,39,39,39,39,,,,,,,,,,,,,,,,,,,,,,,,,,,,294,194,508,330,#VALUE!,#VALUE!,0 ,413,0,0
,,,,,商談数合計,,,,,58,65,65,62,30,74,42,28,26,20,21,44,,31,26,20,18,23,24,21,29,22,23,23,23,,25,25,-,0 ,0 ,37,37,-,0 ,0 ,62,62,-,0 ,0 ,58,58,-,0 ,0 ,39,39,-,0 ,0 ,37,37,-,0 ,0 ,53,53,-,0 ,0 ,29,29,-,0 ,0 ,50,50,-,0 ,0 ,45,45,-,0 ,0 ,49,49,-,0 ,0 ,44,44,-,0 ,0 ,,,,,,,,,,,,,,,,,,,,,,,,,,,,,,,,,,,,,,,,,535,283,640,528,#VALUE!,#VALUE!,0 ,0,0,0
,,,,,マーケ商談数（理想値）,,,,,49,61,57,58,29,46,37,26,24,20,21,41,,29,26,19,17,22,24,21,26,21,23,23,23,,24,24,-,0 ,0 ,35,35,-,0 ,0 ,59,59,-,0 ,0 ,58,58,-,0 ,0 ,39,39,-,0 ,0 ,37,37,-,0 ,0 ,53,53,-,0 ,0 ,28,28,-,0 ,0 ,50,50,-,0 ,0 ,44,44,-,0 ,0 ,48,48,-,0 ,0 ,44,44,-,0 ,0 ,,41,41,41,50,50,50,58,58,58,58,58,58,,42,42,42,42,42,42,42,42,42,42,42,42,,42,42,42,42,42,42,42,42,42,42,42,42,,,274,580,519,#VALUE!,#VALUE!,0 ,621,500,500
,,,,,マーケ商談数（計画）,,,,,,,,,,,,,,,,,,,,,,,,,,,,,,,,,,,,,,,,,,,,,,,,,,,,,,,,,,,,,,,,,,,,,,,,,,,,,,,,,,,,,,,,,,,,33,33,33,45,45,45,55,55,55,58,58,58,,,,,,,,,,,,,,,,,,,,,,,,,,,,,,,,,,,,0,0
,,,,,営業商談数,,,,,9,4,8,4,1,28,5,2,2,0,0,3,,2,0,1,1,1,0,0,3,1,0,0,0,,1,1,-,0 ,0 ,2,2,-,0 ,0 ,3,3,-,0 ,0 ,0,0,-,0 ,0 ,0,0,-,0 ,0 ,0,0,-,0 ,0 ,0,0,-,0 ,0 ,1,1,-,0 ,0 ,0,0,-,0 ,0 ,1,1,-,0 ,0 ,1,1,-,0 ,0 ,0,0,-,0 ,0 ,,,,,,,,,,,,,,,,,,,,,,,,,,,,,,,,,,,,,,,,,,9,60,9,#VALUE!,#VALUE!,0 ,0,0,0
,,,,,Webサイト,,,,,19,13,18,15,10,22,15,15,20,11,13,18,,13,16,10,11,10,19,15,8,12,14,9,9,,15,15,-,0 ,0 ,17,17,-,0 ,0 ,22,22,-,0 ,0 ,26,26,-,0 ,0 ,17,17,-,0 ,0 ,16,16,-,0 ,0 ,20,20,-,0 ,0 ,10,10,-,0 ,0 ,15,15,-,0 ,0 ,8,8,-,0 ,0 ,11,11,-,0 ,0 ,10,10,-,0 ,0 ,,18,18,18,20,20,20,25,25,25,25,25,25,,,,,,,,,,,,,,,,,,,,,,,,,,,,,146,216,187,#VALUE!,#VALUE!,0 ,264,0,0
,,,,,ウェビナーメディア,,,,,,,,,,,,,,,,,,0,0,0,0,0,0,0,0,0,0,0,0,,0,0,-,0 ,0 ,0,0,-,0 ,0 ,0,0,-,0 ,0 ,0,0,-,0 ,0 ,0,0,-,0 ,0 ,0,0,-,0 ,0 ,0,0,-,0 ,0 ,0,0,-,0 ,0 ,0,0,-,0 ,0 ,0,0,-,0 ,0 ,0,0,-,0 ,0 ,0,0,-,0 ,0 ,,,,,,,,,,,,,,,,,,,,,,,,,,,,,,,,,,,,,,,,,,0,21,0,#VALUE!,#VALUE!,0 ,0,0,0
,,,,,イベント ,,,,,,,,1,,,,,,3,1,9,,8,1,0,1,4,1,1,6,1,4,4,4,,5,5,-,0 ,0 ,4,4,-,0 ,0 ,21,21,-,0 ,0 ,6,6,-,0 ,0 ,6,6,-,0 ,0 ,4,4,-,0 ,0 ,4,4,-,0 ,0 ,10,10,-,0 ,0 ,2,2,-,0 ,0 ,2,2,-,0 ,0 ,7,7,-,0 ,0 ,4,4,-,0 ,0 ,,7,7,7,10,10,10,10,10,10,10,10,10,,,,,,,,,,,,,,,,,,,,,,,,,,,,,35,48,75,#VALUE!,#VALUE!,0 ,111,0,0
,,,,,LP（リスティング）,,,,,15,23,28,24,16,15,16,6,4,3,,1,,0,0,0,0,0,0,0,0,0,0,0,0,,0,0,-,0 ,0 ,0,0,-,0 ,0 ,0,0,-,0 ,0 ,0,0,-,0 ,0 ,0,0,-,0 ,0 ,0,0,-,0 ,0 ,0,0,-,0 ,0 ,0,0,-,0 ,0 ,0,0,-,0 ,0 ,0,0,-,0 ,0 ,0,0,-,0 ,0 ,0,0,-,0 ,0 ,,,,,,,,,,,,,,,,,,,,,,,,,,,,,,,,,,,,,,,,,,0,0,0,#VALUE!,#VALUE!,0 ,0,0,0
,,,,,外部メディア,,,,,4,6,8,8,,,,1,,2,2,4,,2,0,5,2,2,2,3,5,3,4,8,3,,2,2,-,0 ,0 ,6,6,-,0 ,0 ,6,6,-,0 ,0 ,8,8,-,0 ,0 ,10,10,-,0 ,0 ,12,12,-,0 ,0 ,2,2,-,0 ,0 ,8,8,-,0 ,0 ,7,7,-,0 ,0 ,6,6,-,0 ,0 ,7,7,-,0 ,0 ,3,3,-,0 ,0 ,,8,8,8,10,10,10,12,12,12,15,15,15,,,,,,,,,,,,,,,,,,,,,,,,,,,,,39,111,77,#VALUE!,#VALUE!,0 ,135,0,0
,,,,,ハウスリスト,,,,,,,,,,,,,,,5,9,,6,9,4,3,5,2,2,7,5,1,1,1,,0,0,-,0 ,0 ,0,0,-,0 ,0 ,2,2,-,0 ,0 ,0,0,-,0 ,0 ,0,0,-,0 ,0 ,0,0,-,0 ,0 ,0,0,-,0 ,0 ,0,0,-,0 ,0 ,0,0,-,0 ,0 ,0,0,-,0 ,0 ,0,0,-,0 ,0 ,0,0,-,0 ,0 ,,0,0,0,3,3,3,5,5,5,5,5,5,,,,,,,,,,,,,,,,,,,,,,,,,,,,,46,39,2,#VALUE!,#VALUE!,0 ,39,0,0
,,,,,紹介（営業商談）,,,,,9,4,8,4,1,28,5,2,2,0,0,3,,2,0,1,1,1,0,0,3,1,0,0,0,,1,1,-,0 ,0 ,2,2,-,0 ,0 ,3,3,-,0 ,0 ,0,0,-,0 ,0 ,0,0,-,0 ,0 ,0,0,-,0 ,0 ,0,0,-,0 ,0 ,1,1,-,0 ,0 ,0,0,-,0 ,0 ,1,1,-,0 ,0 ,1,1,-,0 ,0 ,0,0,-,0 ,0 ,,,,,,,,,,,,,,,,,,,,,,,,,,,,,,,,,,,,,,,,,,9,60,9,#VALUE!,#VALUE!,0 ,0,0,0
,,,,,その他（BDR等、茂木さん紹介）,,,,,11,19,3,10,3,9,6,4,,1,,,,0,0,0,0,1,0,0,0,0,0,0,0,,2,2,-,0 ,0 ,8,8,-,0 ,0 ,8,8,-,0 ,0 ,18,18,-,0 ,0 ,6,6,-,0 ,0 ,5,5,-,0 ,0 ,27,27,-,0 ,0 ,0,0,-,0 ,0 ,26,26,-,0 ,0 ,28,28,-,0 ,0 ,22,22,-,0 ,0 ,27,27,-,0 ,0 ,,,,,2,2,2,3,3,3,3,3,3,,,,,,,,,,,,,,,,,,,,,,,,,,,,,1,145,177,#VALUE!,#VALUE!,0 ,24,0,0
,,,,新規：短期PFアカウント数,,,,,,4,2,5,5,5,5,5,3,4,3,1,3,,1,0,1,2,1,0,1,1,0,0,0,0,,0,0,-,0 ,0 ,0,0,-,0 ,0 ,0,0,-,0 ,0 ,0,0,-,0 ,0 ,0,0,-,0 ,0 ,1,1,-,0 ,0 ,0,0,-,0 ,0 ,0,0,-,0 ,0 ,0,0,-,0 ,0 ,0,0,-,0 ,0 ,0,0,-,0 ,0 ,0,0,-,0 ,0 ,,0,0,0,0,0,0,0,0,0,0,0,0,,0,0,0,0,0,0,0,0,0,0,0,0,,0,0,0,0,0,0,0,0,0,0,0,0,,,7,0,1,#VALUE!,#VALUE!,0 ,0,0,0
,,,,プランアップ：長期ＰＦアカウント数,,,,,,,,,,,,,,,,,,,4,0,1,0,2,0,1,0,0,0,0,1,,1,1,-,0 ,0 ,0,0,-,0 ,0 ,1,1,-,0 ,0 ,1,1,-,0 ,0 ,0,0,-,0 ,0 ,1,1,-,0 ,0 ,1,1,-,0 ,0 ,1,1,-,0 ,0 ,0,0,-,0 ,0 ,1,1,-,0 ,0 ,1,1,-,0 ,0 ,1,1,-,0 ,0 ,,,,,,,,,,,,,,,,,,,,,,,,,,,,,,,,,,,,,,,,,,9,,9,#VALUE!,#VALUE!,0 ,0,0,0
,,,,プランアップ時旧プラン分減算調整用,,,,,,,,,,,,,,,,,,,1,1,,2,,,,,,,,,,1,1,,,,0,0,,,,1,1,,,,0,0,,,,,,,,,,,,,,,,,,,,,,,,,,,,,,,,,,,,,,,,,,,,,,,,,,,,,,,,,,,,,,,,,,,,,,,,,,,,,,,,,,,,,4,,2,0,(2),(100),0,0,0
,,,,オプション（AppExchange等）：長期PFアカウント数,,,,,,,,,,,,,,,,,,,0,0,1,0,0,0,0,0,0,0,0,0,,0,0,-,0 ,0 ,1,1,-,0 ,0 ,0,0,-,0 ,0 ,0,0,-,0 ,0 ,0,0,-,0 ,0 ,0,0,-,0 ,0 ,0,0,-,0 ,0 ,0,0,-,0 ,0 ,0,0,-,0 ,0 ,0,0,-,0 ,0 ,0,0,-,0 ,0 ,0,0,-,0 ,0 ,,,,,,,,,,,,,,,,,,,,,,,,,,,,,,,,,,,,,,,,,,1,,1,#VALUE!,#VALUE!,0 ,0,0,0
,,,,プランダウン：長期ＰＦアカウント数,,,,,,,,,,,,,,,,,,,1,0,0,0,0,0,0,0,0,0,0,,,0,0,-,0,0 ,0,0,-,0 ,0 ,0,0,-,0 ,0 ,0,0,-,0 ,0 ,0,0,-,0 ,0 ,0,0,-,0 ,0 ,0,0,-,0 ,0 ,0,0,-,0 ,0 ,0,0,-,0 ,0 ,0,0,-,0 ,0 ,0,0,-,0 ,0 ,0,0,-,0 ,0 ,,,,,,,,,,,,,,,,,,,,,,,,,,,,,,,,,,,,,,,,,,1,,0,#VALUE!,#VALUE!,0 ,0,0,0
,,,,解約数：長期PF（FY3/24からプラン変更除く）,,,4,2,5,4,7,7,10,14,3,1,2,4,3,4,10,,4,2,4,3,4,3,5,4,5,2,1,5,,4,4,-,0 ,0 ,5,5,-,0 ,0 ,3,3,-,0 ,0 ,3,3,-,0 ,0 ,0,0,-,0 ,0 ,3,3,-,0 ,0 ,0,0,-,0 ,0 ,2,2,-,0 ,0 ,2,2,-,0 ,0 ,5,5,-,0 ,0 ,1,1,-,0 ,0 ,3,3,-,0 ,0 ,,3,5,2,2,2,2,2,2,2,2,2,2,,2,2,2,2,2,2,2,2,2,2,2,2,,2,2,2,2,2,2,2,2,2,2,2,2,,,42,26,31,#VALUE!,#VALUE!,0 ,25,22,24
,,,,プラン変更：長期ＰＦアカウント数,,,,,,,,,,,,,,,,,,,,,,,,,,,,,,,,,,,,,,,,,,,,,,,,,,,,1,1,,,,1,1,,,,0,0,,,,,,,,,1,1,,,,,,,,,,,,,,,,,,,,,,,,,,,,,,,,,,,,,,,,,,,,,,,,,,,,,,,,,,,,0,,3,0,(3),(100),0,0,0
,,,,解約数：短期PF,,,11,10,9,6,6,6,6,3,4,3,3,6,5,2,8,,6,0,2,1,0,1,1,0,0,1,1,1,,0,0,-,0 ,0 ,2,2,-,0 ,0 ,1,1,-,0 ,0 ,0,0,-,0 ,0 ,2,2,-,0 ,0 ,0,0,-,0 ,0 ,1,1,-,0 ,0 ,1,1,-,0 ,0 ,2,2,-,0 ,0 ,0,0,-,0 ,0 ,0,0,-,0 ,0 ,2,2,-,0 ,0 ,,2,0,0,0,0,0,0,0,0,0,0,0,,0,0,0,0,0,0,0,0,0,0,0,0,,0,0,0,0,0,0,0,0,0,0,0,0,,,14,10,11,#VALUE!,#VALUE!,0 ,2,0,0
,,,,,月次解約率：長期,,#DIV/0!,#DIV/0!,3.0%,2.4%,4.2%,4.2%,6.2%,9.2%,1.9%,0.6%,1.2%,2.4%,1.8%,2.4%,6.3%,3.6%,2.4%,1.2%,2.5%,1.9%,2.5%,1.9%,3.2%,2.6%,3.3%,1.4%,0.7%,3.3%,2.3%,2.7%,2.7%,-,0 ,0 ,3.4%,3.4%,-,0 ,0 ,2.0%,2.0%,-,0 ,0 ,2.1%,2.1%,-,0 ,0 ,0.0%,0.0%,-,0 ,0 ,2.0%,2.0%,-,0 ,0 ,0.0%,0.0%,-,0 ,0 ,1.2%,1.2%,-,0 ,0 ,1.2%,1.2%,-,0 ,0 ,3.1%,3.1%,-,0 ,0 ,0.6%,0.6%,-,0 ,0 ,1.8%,1.8%,-,0 ,0 ,,1.0%,1.0%,1.0%,1.0%,1.0%,1.0%,1.0%,1.0%,1.0%,1.0%,1.0%,1.0%,,1.0%,1.0%,1.0%,1.0%,1.0%,1.0%,1.0%,1.0%,1.0%,1.0%,1.0%,1.0%,,1.0%,1.0%,1.0%,1.0%,1.0%,1.0%,1.0%,1.0%,1.0%,1.0%,1.0%,1.0%,,3.6%,2.3%,1.3%,1.7%,#VALUE!,#VALUE!,0 ,1.0%,1.0%,1.0%
,,,,,月次解約率：短期,,,,,,,,,,,,,,,,,,46.2%,0.0%,16.7%,7.7%,0.0%,7.7%,7.7%,0.0%,0.0%,7.7%,8.3%,9.1%,,0%,0%,-,0 ,0 ,17%,17%,-,0 ,0 ,10%,10%,-,0 ,0 ,0%,0%,-,0 ,0 ,22%,22%,-,0 ,0 ,0%,0%,-,0 ,0 ,13%,13%,-,0 ,0 ,14%,14%,-,0 ,0 ,33%,33%,-,0 ,0 ,0%,0%,-,0 ,0 ,0%,0%,-,0 ,0 ,50%,50%,-,0 ,0 ,,20%,20%,20%,20%,20%,20%,20%,20%,20%,20%,20%,20%,,20%,20%,20%,20%,20%,20%,20%,20%,20%,20%,20%,20%,,20%,20%,20%,20%,20%,20%,20%,20%,20%,20%,20%,20%,,,,,,#VALUE!,#VALUE!,0 ,,,
,,,,,,,,,,,,,,,,,,,,,,,,,,,,,,,,,,,,,,,,,,,,,,,,,,,,,,,,,,,,,,,,,,,,,,,,,,,,,,,,,,,,,,,,,,,,,,,,,,,,,,,,,,,,,,,,,,,,,,,,,,,,,,,,,,,,,,,,,,,,,,,,,
,,,,,,,,,,,,,,,,,,,,,,,,,,,,,,,,,,,,,,,,,,,,,,,,,,,,,,,,,,,,,,,,,,,,,,,,,,,,,,,,,,,,,,,,,,,,,,,,,,,,,,,,,,,,,,,,,,,,,,,,,,,,,,,,,,,,,,,,,,,,,,,,,
,,,,,,,,,,,,,,,,,,,,,,,,,,,,,,,,,,,,,,,,,,,,,,,,,,,,,,,,,,,,,,,,,,,,,,,,,,,,,,,,,,,,,,,,,,,,,,,,,,,,,,,,,,,,,,,,,,,,,,,,,,,,,,,,,,,,,,,,,,,,,,,,,
,,,,,,解約率,,,,,,,,,,,,,,,,,,,,,,,,,,,,,1.00%,,,,,,,,,,,,,,,,,,,,,,,,,,,,,,,,,,,,,,,,,,,,,,,,,,,,,,,,,,,,,,,,,,,,,,,,,,,,,,,,,,,,,,,,,,,,,,,,,,,,,,,,,,,,,,
,,,,,,単価アップ,,,,,,,,,,,,,,,,,,,,,,,,,,,,,15.00%,,,,,,,,,,,,,,,,,,,,,,,,,,,,,,,,,,,,,,,,,,,,,,,,,,,,,,,,,,,,,,,,,,,,,,,,,,,,,,,,,,,,,,,,,,,,,,,,,,,,,,,,,,,,,,
,,,,,,年間獲得商談数,,,,,,,,,,,,,,,,,,,,,,,,,,,,,500,,,,,,,,,,,,,,,,,,,,,,,,,,,,,,,,,,,,,,,,,,,,,,,,,,,,,,,,,,,,,,,,,,,,,,,,,,,,,,,,,,,,,,,,,,,,,,,,,,,,,,,,,,,,,,
,,,,,,Salesforce経由　成約数,,,,,,,,,,,,,,,,,,,,,,,,,,,,,600.00%,,,,,,,,,,,,,,,,,,,,,,,,,,,,,,,,,,,,,,,,,,,,,,,,,,,,,,,,,,,,,,,,,,,,,,,,,,,,,,,,,,,,,,,,,,,,,,,,,,,,,,,,,,,,,,
,,,,,,成約率,,,,,,,,,,,,,,,,,,,,,,,,,,,,,10.00%,,,,,,,,,,,,,,,,,,,,,,,,,,,,,,,,,,,,,,,,,,,,,,,,,,,,,,,,,,,,,,,,,,,,,,,,,,,,,,,,,,,,,,,,,,,,,,,,,,,,,,,,,,,,,,